setting,protocol_pdbid_count,subset_pdbid_count,evaluable_prediction_count,RMSE,MAE,Pearson_R,CI,SD
protocol_matched_csar_hiq_135_evaluable,135,135,122,1.6028826085468524,1.2832358999999998,0.8083414930939604,0.8094203882177277,1.4839851857520665
overlap_controlled_csar_hiq_evaluable,135,51,47,1.5236171541352703,1.2877399106382978,0.8001219891620465,0.7964847363552267,1.3663129719163443
